model_size,speedup
512,4.300188324010935
1024,4.482205856879309
2048,4.815264336544369
4096,4.9006097137468325
