sparsity,fps,duration
0.0,143487.25689660574,0.03484630000002653
0.5,213260.5404023931,0.023445499999979802
0.9,199750.7111120715,0.025031200000057652
0.95,200847.5767733965,0.024894500000073094
0.99,371071.2827988775,0.013474499999801992
0.999,375000.93749916524,0.013333300000113013
